,subj,handedness,finger,hand,dominant_hand,time_bin,taps_bin
0,0,left,index,left,True,0,66
1,0,left,index,left,True,1,54
2,0,left,index,left,True,2,52
3,0,left,index,left,True,3,55
4,0,left,index,left,True,4,50
5,0,left,index,left,True,5,53
6,1,right,pinky,right,True,0,67
7,1,right,pinky,right,True,1,62
8,1,right,pinky,right,True,2,59
9,1,right,pinky,right,True,3,62
10,1,right,pinky,right,True,4,63
11,1,right,pinky,right,True,5,58
12,2,right,pinky,left,False,0,59
13,2,right,pinky,left,False,1,52
14,2,right,pinky,left,False,2,48
15,2,right,pinky,left,False,3,48
16,2,right,pinky,left,False,4,47
17,2,right,pinky,left,False,5,42
18,3,right,index,left,False,0,59
19,3,right,index,left,False,1,55
20,3,right,index,left,False,2,49
21,3,right,index,left,False,3,50
22,3,right,index,left,False,4,50
23,3,right,index,left,False,5,45
24,4,left,index,right,False,0,61
25,4,left,index,right,False,1,52
26,4,left,index,right,False,2,51
27,4,left,index,right,False,3,46
28,4,left,index,right,False,4,46
29,4,left,index,right,False,5,45
30,5,right,pinky,right,True,0,62
31,5,right,pinky,right,True,1,56
32,5,right,pinky,right,True,2,52
33,5,right,pinky,right,True,3,51
34,5,right,pinky,right,True,4,47
35,5,right,pinky,right,True,5,43
36,6,right,pinky,right,True,0,66
37,6,right,pinky,right,True,1,57
38,6,right,pinky,right,True,2,55
39,6,right,pinky,right,True,3,58
40,6,right,pinky,right,True,4,59
41,6,right,pinky,right,True,5,51
42,7,right,index,left,False,0,72
43,7,right,index,left,False,1,69
44,7,right,index,left,False,2,61
45,7,right,index,left,False,3,66
46,7,right,index,left,False,4,62
47,7,right,index,left,False,5,58
48,8,right,pinky,left,False,0,52
49,8,right,pinky,left,False,1,46
50,8,right,pinky,left,False,2,47
51,8,right,pinky,left,False,3,48
52,8,right,pinky,left,False,4,47
53,8,right,pinky,left,False,5,46
54,9,right,pinky,right,True,0,58
55,9,right,pinky,right,True,1,52
56,9,right,pinky,right,True,2,52
57,9,right,pinky,right,True,3,53
58,9,right,pinky,right,True,4,54
59,9,right,pinky,right,True,5,54
60,10,right,pinky,left,False,0,49
61,10,right,pinky,left,False,1,46
62,10,right,pinky,left,False,2,48
63,10,right,pinky,left,False,3,54
64,10,right,pinky,left,False,4,48
65,10,right,pinky,left,False,5,46
66,11,right,index,right,True,0,67
67,11,right,index,right,True,1,62
68,11,right,index,right,True,2,59
69,11,right,index,right,True,3,60
70,11,right,index,right,True,4,58
71,11,right,index,right,True,5,54
72,12,right,index,left,False,0,61
73,12,right,index,left,False,1,51
74,12,right,index,left,False,2,46
75,12,right,index,left,False,3,45
76,12,right,index,left,False,4,46
77,12,right,index,left,False,5,39
78,13,right,pinky,left,False,0,47
79,13,right,pinky,left,False,1,44
80,13,right,pinky,left,False,2,34
81,13,right,pinky,left,False,3,35
82,13,right,pinky,left,False,4,31
83,13,right,pinky,left,False,5,31
84,14,right,index,left,False,0,57
85,14,right,index,left,False,1,52
86,14,right,index,left,False,2,49
87,14,right,index,left,False,3,49
88,14,right,index,left,False,4,49
89,14,right,index,left,False,5,48
90,15,right,pinky,right,True,0,47
91,15,right,pinky,right,True,1,46
92,15,right,pinky,right,True,2,40
93,15,right,pinky,right,True,3,38
94,15,right,pinky,right,True,4,38
95,15,right,pinky,right,True,5,35
96,16,right,pinky,left,False,0,41
97,16,right,pinky,left,False,1,52
98,16,right,pinky,left,False,2,48
99,16,right,pinky,left,False,3,47
100,16,right,pinky,left,False,4,48
101,16,right,pinky,left,False,5,45
102,17,right,pinky,left,False,0,46
103,17,right,pinky,left,False,1,37
104,17,right,pinky,left,False,2,42
105,17,right,pinky,left,False,3,38
106,17,right,pinky,left,False,4,41
107,17,right,pinky,left,False,5,37
108,18,right,index,right,True,0,77
109,18,right,index,right,True,1,71
110,18,right,index,right,True,2,69
111,18,right,index,right,True,3,69
112,18,right,index,right,True,4,59
113,18,right,index,right,True,5,67
114,19,right,index,right,True,0,68
115,19,right,index,right,True,1,69
116,19,right,index,right,True,2,64
117,19,right,index,right,True,3,68
118,19,right,index,right,True,4,70
119,19,right,index,right,True,5,70
120,20,right,index,left,False,0,57
121,20,right,index,left,False,1,53
122,20,right,index,left,False,2,50
123,20,right,index,left,False,3,51
124,20,right,index,left,False,4,49
125,20,right,index,left,False,5,48
126,21,right,pinky,left,False,0,58
127,21,right,pinky,left,False,1,61
128,21,right,pinky,left,False,2,63
129,21,right,pinky,left,False,3,55
130,21,right,pinky,left,False,4,52
131,21,right,pinky,left,False,5,49
132,22,right,pinky,right,True,0,76
133,22,right,pinky,right,True,1,71
134,22,right,pinky,right,True,2,74
135,22,right,pinky,right,True,3,99
136,22,right,pinky,right,True,4,83
137,22,right,pinky,right,True,5,93
138,23,right,index,left,False,0,55
139,23,right,index,left,False,1,51
140,23,right,index,left,False,2,46
141,23,right,index,left,False,3,46
142,23,right,index,left,False,4,46
143,23,right,index,left,False,5,43
144,24,right,index,right,True,0,65
145,24,right,index,right,True,1,51
146,24,right,index,right,True,2,52
147,24,right,index,right,True,3,46
148,24,right,index,right,True,4,48
149,24,right,index,right,True,5,42
150,25,right,index,right,True,0,77
151,25,right,index,right,True,1,74
152,25,right,index,right,True,2,67
153,25,right,index,right,True,3,68
154,25,right,index,right,True,4,70
155,25,right,index,right,True,5,68
156,26,right,pinky,right,True,0,61
157,26,right,pinky,right,True,1,65
158,26,right,pinky,right,True,2,55
159,26,right,pinky,right,True,3,65
160,26,right,pinky,right,True,4,65
161,26,right,pinky,right,True,5,66
162,27,right,index,right,True,0,60
163,27,right,index,right,True,1,62
164,27,right,index,right,True,2,59
165,27,right,index,right,True,3,60
166,27,right,index,right,True,4,62
167,27,right,index,right,True,5,60
168,28,right,index,right,True,0,67
169,28,right,index,right,True,1,67
170,28,right,index,right,True,2,63
171,28,right,index,right,True,3,64
172,28,right,index,right,True,4,61
173,28,right,index,right,True,5,59
174,29,right,pinky,right,True,0,71
175,29,right,pinky,right,True,1,66
176,29,right,pinky,right,True,2,66
177,29,right,pinky,right,True,3,62
178,29,right,pinky,right,True,4,63
179,29,right,pinky,right,True,5,58
180,30,right,pinky,right,True,0,43
181,30,right,pinky,right,True,1,75
182,30,right,pinky,right,True,2,55
183,30,right,pinky,right,True,3,72
184,30,right,pinky,right,True,4,86
185,30,right,pinky,right,True,5,75
186,31,right,pinky,left,False,0,60
187,31,right,pinky,left,False,1,58
188,31,right,pinky,left,False,2,59
189,31,right,pinky,left,False,3,59
190,31,right,pinky,left,False,4,60
191,31,right,pinky,left,False,5,56
192,32,right,index,left,False,0,52
193,32,right,index,left,False,1,52
194,32,right,index,left,False,2,51
195,32,right,index,left,False,3,52
196,32,right,index,left,False,4,50
197,32,right,index,left,False,5,49
198,33,left,pinky,left,True,0,62
199,33,left,pinky,left,True,1,51
200,33,left,pinky,left,True,2,44
201,33,left,pinky,left,True,3,52
202,33,left,pinky,left,True,4,43
203,33,left,pinky,left,True,5,49
204,34,right,pinky,right,True,0,60
205,34,right,pinky,right,True,1,63
206,34,right,pinky,right,True,2,56
207,34,right,pinky,right,True,3,60
208,34,right,pinky,right,True,4,61
209,34,right,pinky,right,True,5,58
210,35,right,pinky,left,False,0,52
211,35,right,pinky,left,False,1,48
212,35,right,pinky,left,False,2,46
213,35,right,pinky,left,False,3,45
214,35,right,pinky,left,False,4,45
215,35,right,pinky,left,False,5,42
216,36,right,index,left,False,0,59
217,36,right,index,left,False,1,51
218,36,right,index,left,False,2,50
219,36,right,index,left,False,3,50
220,36,right,index,left,False,4,50
221,36,right,index,left,False,5,46
222,37,right,pinky,right,True,0,80
223,37,right,pinky,right,True,1,76
224,37,right,pinky,right,True,2,68
225,37,right,pinky,right,True,3,63
226,37,right,pinky,right,True,4,70
227,37,right,pinky,right,True,5,68
228,38,right,index,right,True,0,60
229,38,right,index,right,True,1,54
230,38,right,index,right,True,2,50
231,38,right,index,right,True,3,51
232,38,right,index,right,True,4,52
233,38,right,index,right,True,5,52
234,39,right,index,right,True,0,48
235,39,right,index,right,True,1,67
236,39,right,index,right,True,2,61
237,39,right,index,right,True,3,60
238,39,right,index,right,True,4,66
239,39,right,index,right,True,5,58
240,40,right,index,right,True,0,79
241,40,right,index,right,True,1,65
242,40,right,index,right,True,2,64
243,40,right,index,right,True,3,65
244,40,right,index,right,True,4,70
245,40,right,index,right,True,5,80
246,41,right,pinky,right,True,0,62
247,41,right,pinky,right,True,1,72
248,41,right,pinky,right,True,2,75
249,41,right,pinky,right,True,3,68
250,41,right,pinky,right,True,4,69
251,41,right,pinky,right,True,5,66
252,42,right,pinky,right,True,0,45
253,42,right,pinky,right,True,1,44
254,42,right,pinky,right,True,2,40
255,42,right,pinky,right,True,3,38
256,42,right,pinky,right,True,4,35
257,42,right,pinky,right,True,5,33
258,43,right,pinky,left,False,0,55
259,43,right,pinky,left,False,1,48
260,43,right,pinky,left,False,2,43
261,43,right,pinky,left,False,3,49
262,43,right,pinky,left,False,4,45
263,43,right,pinky,left,False,5,43
264,44,right,index,right,True,0,74
265,44,right,index,right,True,1,70
266,44,right,index,right,True,2,65
267,44,right,index,right,True,3,57
268,44,right,index,right,True,4,59
269,44,right,index,right,True,5,52
270,45,right,index,left,False,0,64
271,45,right,index,left,False,1,58
272,45,right,index,left,False,2,55
273,45,right,index,left,False,3,52
274,45,right,index,left,False,4,56
275,45,right,index,left,False,5,55
276,46,right,index,right,True,0,62
277,46,right,index,right,True,1,61
278,46,right,index,right,True,2,56
279,46,right,index,right,True,3,57
280,46,right,index,right,True,4,56
281,46,right,index,right,True,5,52
282,47,right,pinky,left,False,0,54
283,47,right,pinky,left,False,1,51
284,47,right,pinky,left,False,2,47
285,47,right,pinky,left,False,3,46
286,47,right,pinky,left,False,4,46
287,47,right,pinky,left,False,5,44
288,48,right,index,right,True,0,58
289,48,right,index,right,True,1,55
290,48,right,index,right,True,2,52
291,48,right,index,right,True,3,52
292,48,right,index,right,True,4,51
293,48,right,index,right,True,5,50
294,49,right,pinky,right,True,0,52
295,49,right,pinky,right,True,1,53
296,49,right,pinky,right,True,2,45
297,49,right,pinky,right,True,3,50
298,49,right,pinky,right,True,4,52
299,49,right,pinky,right,True,5,48
300,50,right,index,right,True,0,74
301,50,right,index,right,True,1,70
302,50,right,index,right,True,2,65
303,50,right,index,right,True,3,64
304,50,right,index,right,True,4,70
305,50,right,index,right,True,5,63
306,51,right,index,right,True,0,70
307,51,right,index,right,True,1,68
308,51,right,index,right,True,2,64
309,51,right,index,right,True,3,64
310,51,right,index,right,True,4,64
311,51,right,index,right,True,5,58
312,52,right,pinky,left,False,0,60
313,52,right,pinky,left,False,1,71
314,52,right,pinky,left,False,2,57
315,52,right,pinky,left,False,3,53
316,52,right,pinky,left,False,4,50
317,52,right,pinky,left,False,5,47
318,53,right,pinky,right,True,0,61
319,53,right,pinky,right,True,1,62
320,53,right,pinky,right,True,2,53
321,53,right,pinky,right,True,3,55
322,53,right,pinky,right,True,4,56
323,53,right,pinky,right,True,5,48
324,54,left,pinky,right,False,0,54
325,54,left,pinky,right,False,1,48
326,54,left,pinky,right,False,2,44
327,54,left,pinky,right,False,3,45
328,54,left,pinky,right,False,4,44
329,54,left,pinky,right,False,5,36
330,55,left,pinky,right,False,0,64
331,55,left,pinky,right,False,1,66
332,55,left,pinky,right,False,2,68
333,55,left,pinky,right,False,3,69
334,55,left,pinky,right,False,4,69
335,55,left,pinky,right,False,5,60
336,56,right,pinky,left,False,0,58
337,56,right,pinky,left,False,1,51
338,56,right,pinky,left,False,2,46
339,56,right,pinky,left,False,3,46
340,56,right,pinky,left,False,4,48
341,56,right,pinky,left,False,5,42
342,57,left,index,right,False,0,72
343,57,left,index,right,False,1,72
344,57,left,index,right,False,2,73
345,57,left,index,right,False,3,71
346,57,left,index,right,False,4,71
347,57,left,index,right,False,5,66
348,58,right,index,right,True,0,90
349,58,right,index,right,True,1,78
350,58,right,index,right,True,2,93
351,59,right,pinky,left,False,0,47
352,59,right,pinky,left,False,1,47
353,59,right,pinky,left,False,2,41
354,59,right,pinky,left,False,3,45
355,59,right,pinky,left,False,4,46
356,59,right,pinky,left,False,5,44
357,60,right,pinky,left,False,0,57
358,60,right,pinky,left,False,1,47
359,60,right,pinky,left,False,2,48
360,60,right,pinky,left,False,3,46
361,60,right,pinky,left,False,4,45
362,60,right,pinky,left,False,5,43
363,61,right,pinky,right,True,0,65
364,61,right,pinky,right,True,1,64
365,61,right,pinky,right,True,2,62
366,61,right,pinky,right,True,3,59
367,61,right,pinky,right,True,4,60
368,61,right,pinky,right,True,5,68
369,62,right,index,right,True,0,82
370,62,right,index,right,True,1,73
371,62,right,index,right,True,2,71
372,62,right,index,right,True,3,68
373,62,right,index,right,True,4,60
374,62,right,index,right,True,5,61
375,63,right,pinky,right,True,0,63
376,63,right,pinky,right,True,1,60
377,63,right,pinky,right,True,2,59
378,63,right,pinky,right,True,3,58
379,63,right,pinky,right,True,4,56
380,63,right,pinky,right,True,5,52
381,64,right,index,right,True,0,64
382,64,right,index,right,True,1,65
383,64,right,index,right,True,2,61
384,64,right,index,right,True,3,71
385,64,right,index,right,True,4,59
386,64,right,index,right,True,5,54
387,65,right,index,right,True,0,70
388,65,right,index,right,True,1,64
389,65,right,index,right,True,2,62
390,65,right,index,right,True,3,58
391,65,right,index,right,True,4,57
392,65,right,index,right,True,5,53
393,66,right,pinky,right,True,0,48
394,66,right,pinky,right,True,1,48
395,66,right,pinky,right,True,2,45
396,66,right,pinky,right,True,3,39
397,66,right,pinky,right,True,4,44
398,66,right,pinky,right,True,5,42
399,67,right,pinky,left,False,0,53
400,67,right,pinky,left,False,1,47
401,67,right,pinky,left,False,2,42
402,67,right,pinky,left,False,3,38
403,67,right,pinky,left,False,4,40
404,67,right,pinky,left,False,5,33
405,68,right,index,left,False,0,54
406,68,right,index,left,False,1,48
407,68,right,index,left,False,2,48
408,68,right,index,left,False,3,48
409,68,right,index,left,False,4,44
410,68,right,index,left,False,5,45
411,69,right,index,right,True,0,71
412,69,right,index,right,True,1,63
413,69,right,index,right,True,2,72
414,69,right,index,right,True,3,67
415,69,right,index,right,True,4,69
416,69,right,index,right,True,5,64
417,70,right,pinky,right,True,0,39
418,70,right,pinky,right,True,1,33
419,70,right,pinky,right,True,2,43
420,70,right,pinky,right,True,3,32
421,70,right,pinky,right,True,4,44
422,70,right,pinky,right,True,5,34
423,71,right,index,right,True,0,69
424,71,right,index,right,True,1,62
425,71,right,index,right,True,2,59
426,71,right,index,right,True,3,53
427,71,right,index,right,True,4,58
428,71,right,index,right,True,5,51
429,72,right,index,left,False,0,60
430,72,right,index,left,False,1,51
431,72,right,index,left,False,2,46
432,72,right,index,left,False,3,49
433,72,right,index,left,False,4,48
434,72,right,index,left,False,5,50
435,73,right,pinky,right,True,0,59
436,73,right,pinky,right,True,1,38
437,73,right,pinky,right,True,2,51
438,73,right,pinky,right,True,3,57
439,73,right,pinky,right,True,4,54
440,73,right,pinky,right,True,5,50
441,74,right,index,right,True,0,66
442,74,right,index,right,True,1,64
443,74,right,index,right,True,2,59
444,74,right,index,right,True,3,63
445,74,right,index,right,True,4,60
446,74,right,index,right,True,5,58
447,75,right,index,left,False,0,50
448,75,right,index,left,False,1,56
449,75,right,index,left,False,2,54
450,75,right,index,left,False,3,54
451,75,right,index,left,False,4,55
452,75,right,index,left,False,5,52
453,76,right,pinky,right,True,0,62
454,76,right,pinky,right,True,1,63
455,76,right,pinky,right,True,2,62
456,76,right,pinky,right,True,3,59
457,76,right,pinky,right,True,4,58
458,76,right,pinky,right,True,5,60
459,77,right,index,right,True,0,65
460,77,right,index,right,True,1,56
461,77,right,index,right,True,2,67
462,77,right,index,right,True,3,64
463,77,right,index,right,True,4,66
464,77,right,index,right,True,5,68
465,78,right,index,left,False,0,57
466,78,right,index,left,False,1,57
467,78,right,index,left,False,2,53
468,78,right,index,left,False,3,53
469,78,right,index,left,False,4,48
470,78,right,index,left,False,5,50
471,79,right,pinky,left,False,0,60
472,79,right,pinky,left,False,1,55
473,79,right,pinky,left,False,2,53
474,79,right,pinky,left,False,3,52
475,79,right,pinky,left,False,4,54
476,79,right,pinky,left,False,5,49
477,80,right,index,right,True,0,60
478,80,right,index,right,True,1,39
479,80,right,index,right,True,2,69
480,80,right,index,right,True,3,72
481,80,right,index,right,True,4,69
482,80,right,index,right,True,5,77
483,81,right,index,left,False,0,93
484,81,right,index,left,False,1,52
485,81,right,index,left,False,2,51
486,81,right,index,left,False,3,64
487,81,right,index,left,False,4,54
488,81,right,index,left,False,5,52
489,82,right,pinky,left,False,0,51
490,82,right,pinky,left,False,1,48
491,82,right,pinky,left,False,2,47
492,82,right,pinky,left,False,3,48
493,82,right,pinky,left,False,4,40
494,82,right,pinky,left,False,5,38
495,83,right,index,left,False,0,63
496,83,right,index,left,False,1,53
497,83,right,index,left,False,2,57
498,83,right,index,left,False,3,56
499,83,right,index,left,False,4,56
500,83,right,index,left,False,5,21
501,84,right,index,right,True,0,68
502,84,right,index,right,True,1,63
503,84,right,index,right,True,2,58
504,84,right,index,right,True,3,59
505,84,right,index,right,True,4,63
506,84,right,index,right,True,5,61
507,85,left,index,left,True,0,67
508,85,left,index,left,True,1,59
509,85,left,index,left,True,2,52
510,85,left,index,left,True,3,52
511,85,left,index,left,True,4,54
512,85,left,index,left,True,5,50
513,86,right,pinky,right,True,0,57
514,86,right,pinky,right,True,1,52
515,86,right,pinky,right,True,2,53
516,86,right,pinky,right,True,3,56
517,86,right,pinky,right,True,4,48
518,86,right,pinky,right,True,5,47
519,87,left,index,left,True,0,53
520,87,left,index,left,True,1,46
521,87,left,index,left,True,2,47
522,87,left,index,left,True,3,64
523,87,left,index,left,True,4,54
524,87,left,index,left,True,5,52
525,88,right,index,left,False,0,73
526,88,right,index,left,False,1,61
527,88,right,index,left,False,2,70
528,88,right,index,left,False,3,65
529,88,right,index,left,False,4,74
530,88,right,index,left,False,5,68
531,89,right,index,left,False,0,55
532,89,right,index,left,False,1,52
533,89,right,index,left,False,2,49
534,89,right,index,left,False,3,59
535,89,right,index,left,False,4,58
536,89,right,index,left,False,5,54
537,90,right,index,left,False,0,59
538,90,right,index,left,False,1,51
539,90,right,index,left,False,2,52
540,90,right,index,left,False,3,48
541,90,right,index,left,False,4,48
542,90,right,index,left,False,5,46
543,91,right,index,right,True,0,61
544,91,right,index,right,True,1,59
545,91,right,index,right,True,2,63
546,91,right,index,right,True,3,58
547,91,right,index,right,True,4,62
548,91,right,index,right,True,5,57
549,92,right,index,right,True,0,70
550,92,right,index,right,True,1,64
551,92,right,index,right,True,2,59
552,92,right,index,right,True,3,55
553,92,right,index,right,True,4,54
554,92,right,index,right,True,5,52
555,93,right,index,right,True,0,93
556,93,right,index,right,True,1,92
557,93,right,index,right,True,2,79
558,93,right,index,right,True,3,81
559,93,right,index,right,True,4,75
560,93,right,index,right,True,5,80
561,94,right,pinky,right,True,0,77
562,94,right,pinky,right,True,1,72
563,94,right,pinky,right,True,2,70
564,94,right,pinky,right,True,3,67
565,94,right,pinky,right,True,4,62
566,94,right,pinky,right,True,5,61
567,95,right,index,left,False,0,64
568,95,right,index,left,False,1,55
569,95,right,index,left,False,2,56
570,95,right,index,left,False,3,53
571,95,right,index,left,False,4,54
572,95,right,index,left,False,5,56
573,96,right,pinky,left,False,0,61
574,96,right,pinky,left,False,1,56
575,96,right,pinky,left,False,2,54
576,96,right,pinky,left,False,3,50
577,96,right,pinky,left,False,4,47
578,96,right,pinky,left,False,5,46
579,97,left,index,left,True,0,63
580,97,left,index,left,True,1,62
581,97,left,index,left,True,2,60
582,97,left,index,left,True,3,58
583,97,left,index,left,True,4,57
584,97,left,index,left,True,5,55
585,98,right,index,left,False,0,61
586,98,right,index,left,False,1,52
587,98,right,index,left,False,2,49
588,98,right,index,left,False,3,50
589,98,right,index,left,False,4,47
590,98,right,index,left,False,5,46
591,99,right,index,right,True,0,76
592,99,right,index,right,True,1,67
593,99,right,index,right,True,2,64
594,99,right,index,right,True,3,59
595,99,right,index,right,True,4,67
596,99,right,index,right,True,5,54
597,100,right,index,right,True,0,62
598,100,right,index,right,True,1,60
599,100,right,index,right,True,2,57
600,100,right,index,right,True,3,57
601,100,right,index,right,True,4,56
602,100,right,index,right,True,5,55
